{
  "Version": "2012-10-17",
  "Statement": [
    {
      "Effect": "Allow",
      "Action": [
        "iam:GetRole",
        "iam:CreateRole",
        "iam:PutRolePolicy",
        "iam:ListAccessKeys",
        "iam:DeleteAccessKey"
      ],
      "Resource": "*"
    },
    {
      "Effect": "Allow",
      "Action": "access-analyzer:CreateAnalyzer",
      "Resource": "*"                         
    },
    {
      "Effect": "Allow",
      "Action": [
        "logs:CreateLogGroup",
        "logs:CreateLogStream",
        "logs:PutLogEvents"
      ],
      "Resource": "arn:aws:logs:*:*:log-group:/aws/lambda/AccessAnalyzerRemediation:*"
    }
  ]
}
